time_const,time_lin,time_NN,loss_const,loss_lin,loss_NN,loss_const_val,loss_lin_val,loss_NN_val,BS_const,BS_lin,BS_NN,MSE11_const_val,MSE12_const_val,MSE13_const_val,MSE11_lin_val,MSE12_lin_val,MSE13_lin_val,MSE11_NN_val,MSE12_NN_val,MSE13_NN_val
0.09099936485290527,0.21915316581726074,1.0112650394439697,1741.681640625,1159.6922607421875,1069.937744140625,669.0831298828125,453.3810729980469,483.5134582519531,0.8356035191947605,0.5906894839355755,0.6132208716125055,0.015386187797013005,0.10085036884809978,0.0770742595263657,0.017166803151143925,0.08831668082693711,0.06821177549797687,0.021759570279338673,0.0890104154677415,0.0683959433444748
0.08899998664855957,0.20614266395568848,1.12872314453125,1725.4912109375,1182.431884765625,1055.6829833984375,718.22509765625,484.9543151855469,524.6314697265625,0.8395874832656235,0.6000353241175005,0.6237282201978038,0.016214429169256528,0.06842330228180267,0.09340241226041811,0.020193913917210354,0.06511599988815447,0.08618361773983468,0.026025971360836613,0.0681937758683389,0.08788814071052428
0.0969991683959961,0.22512555122375488,1.125619888305664,1731.560302734375,1218.1527099609375,1115.633056640625,686.2794799804688,463.55712890625,478.7391662597656,0.8327154861136754,0.5727835173361783,0.5922066668015648,0.014195694002537227,0.09000481286789752,0.07388455886422945,0.018066302694275182,0.08463784500977323,0.06964204393300223,0.0226984025759315,0.08825572704315433,0.07307884100012825
0.09434747695922852,0.22459864616394043,1.1059598922729492,1751.80712890625,1224.7999267578125,1099.540283203125,675.835693359375,504.3976135253906,541.131103515625,0.8389295670746748,0.6459509869021326,0.6752719559624566,0.017069873851376594,0.10077339214031676,0.08741128955175552,0.025606214643596276,0.09281648761654346,0.0803585932249831,0.0333159612925777,0.10010479745850333,0.08404248477712026
0.08600234985351562,0.22464227676391602,1.0037319660186768,1703.9581298828125,1155.453369140625,1029.6337890625,663.010009765625,451.4161376953125,474.76068115234375,0.8286574795074998,0.5919700303225135,0.6248995972701453,0.011551603812666456,0.0736249553998724,0.09267022610354521,0.016116149028317976,0.06680475995935616,0.0777899479687787,0.02412750645387284,0.06950435189172613,0.0775872070007464
0.09615087509155273,0.19950008392333984,1.0010402202606201,1668.4268798828125,1120.9560546875,1017.58447265625,666.0000610351562,489.55206298828125,547.6124267578125,0.8370385973837553,0.6406870798278143,0.6771668688915439,0.00886958383274905,0.11265609692926058,0.08734998830632125,0.013996743103521012,0.10578632530340962,0.07648563762225202,0.017276511105912818,0.11623498748234423,0.08404840322566749
0.11812043190002441,0.25400400161743164,1.0084397792816162,1749.00830078125,1204.9417724609375,1068.3466796875,647.2597045898438,443.8634338378906,470.66363525390625,0.8283585468600363,0.5945464664069402,0.6136482824087172,0.0163253078758141,0.07654379152496431,0.07915881834050578,0.022260581154659693,0.07629626798500844,0.07106835702636898,0.03237149776917036,0.08180912822573405,0.07897552660034467
0.13212227821350098,0.23200249671936035,1.0206904411315918,1721.597412109375,1189.453125,1059.465087890625,649.1246948242188,451.7548828125,461.5552978515625,0.8283420148779944,0.587411903066372,0.6103134042870884,0.013454483343424748,0.07931144949174138,0.08737061177134192,0.015931404528245815,0.07163173033710431,0.07879437922743196,0.023488227313680877,0.07493006354635476,0.08062042571134713
0.09349989891052246,0.25588178634643555,0.9852588176727295,1719.0396728515625,1141.12744140625,1028.5391845703125,644.0919189453125,426.4578857421875,469.1298828125,0.832365508547445,0.5706124856708942,0.599729803363847,0.014456984613070212,0.1005304533512405,0.07651417157700623,0.018612161146070522,0.08924221422505048,0.0688831379902364,0.022763668284187362,0.09763381725655762,0.07149176785067182
0.13008832931518555,0.24851274490356445,0.9854788780212402,1683.951904296875,1093.2071533203125,971.2794799804688,624.7863159179688,422.2626953125,455.1864929199219,0.827652331230929,0.5778288944858858,0.6082258638344996,0.011666018786513688,0.10932745864594583,0.06795980326578382,0.01874454331679953,0.09543191561617954,0.05992541221593663,0.02125496050743102,0.09602586127454477,0.06799715225009663
0.11350011825561523,0.25150370597839355,0.9619555473327637,1703.1600341796875,1152.2421875,1044.1824951171875,667.9515380859375,454.75457763671875,490.5508117675781,0.8260382358436874,0.5627165555197425,0.5841843848798692,0.010313291867092511,0.08225668675647516,0.09536618977596097,0.017896464418736806,0.07603252272824487,0.08644534149098841,0.016673097953461814,0.08218847100304269,0.08952610403570295
0.09362459182739258,0.22945666313171387,1.0602662563323975,1784.540771484375,1238.2596435546875,1110.3702392578125,660.5857543945312,457.3302917480469,521.132568359375,0.8453895435542887,0.6236004503753422,0.6668253720434972,0.01979015810334972,0.09530047958007906,0.08734026998725493,0.024597437181299267,0.0833544972347902,0.07891934189858275,0.035334763236118144,0.09547590506344046,0.08584768156293064
0.10998320579528809,0.24709105491638184,0.9730913639068604,1714.3525390625,1140.188720703125,1041.9146728515625,629.4658203125,424.891845703125,488.7625427246094,0.8323023583019787,0.5947445440913777,0.6384427514191208,0.014345362827897166,0.09566789682266877,0.08766715765931066,0.019186412799441898,0.08923641103338788,0.07937340233499231,0.020973995237416252,0.08893048520181956,0.08960325636768483
0.114593505859375,0.2369997501373291,1.0832760334014893,1680.658935546875,1124.349609375,1028.2581787109375,659.1392822265625,422.48565673828125,464.128173828125,0.8311000784665677,0.5606580998142158,0.6061768848286805,0.010376074674097124,0.0900014069773088,0.07079970464948868,0.014354369076894535,0.08309825372609439,0.06404003553871389,0.0199983744694415,0.09398915205585434,0.07003476488763868
0.12799954414367676,0.23647427558898926,0.9966342449188232,1777.4359130859375,1243.8099365234375,1136.797119140625,654.5545654296875,460.850830078125,487.8910217285156,0.8461197916025643,0.605670120630763,0.6240728714224862,0.02003739091450374,0.0819017928998943,0.09268955530455956,0.02383848870053863,0.07256097630004257,0.08710348543307399,0.02295953305984923,0.07595273291546331,0.08927442766786317
0.11464953422546387,0.2610042095184326,1.027512788772583,1770.277587890625,1217.884765625,1099.261474609375,643.8538818359375,452.453857421875,484.5544738769531,0.8404550540446771,0.608147180167906,0.6372438404937207,0.019270531107613786,0.09267519304553726,0.07639852178573647,0.021009509082275182,0.08637136193738132,0.06718464793084822,0.020476741588954395,0.09032072439114831,0.06784206574711439
0.13651251792907715,0.2880997657775879,0.9210224151611328,1711.903564453125,1172.825927734375,1061.913818359375,658.6067504882812,456.542724609375,483.7371520996094,0.8379475912626769,0.6043214942670755,0.6261502619874517,0.012920797519753668,0.09265798972676158,0.10946643888855555,0.017441831584346514,0.08360695097830381,0.09685042959399238,0.024463721081069714,0.09380861603263464,0.09852315159562311
0.09199976921081543,0.23012614250183105,0.9806392192840576,1747.0113525390625,1195.307861328125,1097.4478759765625,665.134033203125,464.2218933105469,493.796630859375,0.8376667951926189,0.6162322535531283,0.6269096725082117,0.015369921020650601,0.10361417509604431,0.10330706863201854,0.022502622928436893,0.0927227857995504,0.09075359155406562,0.024823797937775824,0.09339528302254169,0.09182342245188364
0.09249997138977051,0.23408913612365723,0.9869062900543213,1721.8831787109375,1191.6224365234375,1064.595947265625,664.30517578125,447.2357482910156,483.84063720703125,0.8411341441565034,0.6028227490486158,0.6391133787492276,0.01508929089367733,0.10588230722757078,0.0855424019774285,0.01860668350984889,0.09875410969527514,0.07536943155459527,0.02481096473169849,0.10163433772232004,0.07786232042475545
0.12050580978393555,0.25010061264038086,0.9354584217071533,1689.5418701171875,1134.997802734375,1018.5849609375,649.1224975585938,441.5000305175781,466.1287536621094,0.8255462457387666,0.5713441473446367,0.60194827474087,0.011029108391412079,0.1165473158743026,0.04836191121207656,0.016891012210104524,0.09661690381695608,0.04327288698554766,0.021414163401046914,0.09829951082630549,0.046374794225701614
0.10649919509887695,0.28061842918395996,0.9791531562805176,1717.646484375,1146.094970703125,1037.45751953125,649.5651245117188,467.2088317871094,483.8086242675781,0.8320075654491842,0.6179639072616697,0.6230091115859784,0.012966676068171312,0.10327899499309003,0.08462727102067885,0.019203158121514408,0.0931315279862865,0.08347537089180297,0.022628411323831026,0.09270481513704616,0.08955087812309617
0.08611035346984863,0.1965017318725586,0.9654662609100342,1714.398193359375,1182.0091552734375,1075.3597412109375,641.322265625,437.5341796875,462.4867248535156,0.828105251922272,0.5766931618177698,0.6031973071721203,0.012740430834719485,0.08734910928337133,0.08191048906014375,0.015296631229060524,0.08328255821607893,0.07658260616337868,0.02186417523426432,0.08931869001059643,0.08112236304279066
0.1200101375579834,0.24512934684753418,1.0045197010040283,1669.51953125,1131.248046875,995.06103515625,659.9912719726562,462.67083740234375,503.8829040527344,0.8282940851437809,0.5909592394794818,0.6145589150707974,0.008285251286971551,0.10051745375254036,0.08470573688821915,0.01079277362064397,0.0928060606826867,0.07588709074776633,0.01805662724524733,0.10007208811522353,0.07793965981517405
0.11550426483154297,0.23950409889221191,0.9421625137329102,1681.9351806640625,1144.346923828125,1015.31982421875,595.3016967773438,412.6719665527344,439.90240478515625,0.8271082574013234,0.6049139501641385,0.6356342212648043,0.010549667278081154,0.09275328527647275,0.07638893485109192,0.015587976365664578,0.08887875256844976,0.07134639046468234,0.020227392936589192,0.09830383860106771,0.07603418695776974
0.1024928092956543,0.229506254196167,0.9511568546295166,1736.88720703125,1198.4359130859375,1087.1011962890625,629.474365234375,407.72686767578125,427.1087646484375,0.8341731456914634,0.5712190761705628,0.602208843796566,0.014870430676128752,0.10346818872700396,0.0736132509685206,0.018483244120417096,0.09298355117400973,0.06477485163339655,0.01991518471883483,0.1002755554973169,0.06823560814842053
0.0890038013458252,0.25509071350097656,0.9842665195465088,1735.93017578125,1191.2938232421875,1083.2083740234375,625.59765625,417.02874755859375,434.8387145996094,0.8304658481999979,0.5666741672891498,0.5965498574500073,0.014895530134740653,0.09268318511698172,0.07085520573823814,0.019739814411661283,0.08015251195842565,0.0663110172551419,0.024260109191312718,0.08708967076185961,0.07211509486668552
0.10850000381469727,0.291118860244751,1.0476009845733643,1680.010498046875,1174.259033203125,1055.063720703125,645.9092407226562,470.2811279296875,506.7108154296875,0.8190523497806366,0.5907741855215766,0.6225109945327956,0.010633196422977997,0.08229445286459523,0.06511439030358591,0.01712878290749373,0.07729969729378963,0.06455007419769432,0.021771132800519767,0.08625863666330078,0.06951783999880787
0.11601090431213379,0.22999954223632812,0.9437062740325928,1744.3773193359375,1164.6490478515625,1049.765380859375,646.9528198242188,444.72613525390625,495.713134765625,0.8378241884739196,0.60493216209069,0.6524836932434367,0.016800973742908676,0.10596536285647812,0.08469016794647503,0.023022874042547173,0.10046378645232366,0.07974263826458411,0.025715967072027758,0.10598319331865744,0.08462420180235168
0.09460067749023438,0.2285001277923584,0.9304604530334473,1677.0701904296875,1136.1346435546875,995.756591796875,621.0962524414062,433.50628662109375,462.61444091796875,0.8186882202792597,0.5960198583151676,0.6320359144368484,0.010120094013903236,0.10053075526581243,0.056631647379384295,0.01393275153459591,0.09904281949068712,0.05089214887926957,0.015622727988240126,0.10603015593870395,0.05104206008600442
0.1100001335144043,0.24311041831970215,0.9229850769042969,1742.5042724609375,1228.5460205078125,1115.1588134765625,663.1318969726562,463.57421875,474.38824462890625,0.8341814934404513,0.5967519887601689,0.6086039430484327,0.015148739656312636,0.1268749948845898,0.06554466779362997,0.02189713296050124,0.11240559708054185,0.06152901145218846,0.029458666199626834,0.1133203141393926,0.06257084196898767
0.12660789489746094,0.261502742767334,0.94287109375,1662.310302734375,1139.6348876953125,1039.5316162109375,654.9127807617188,464.9308166503906,496.1313781738281,0.8229259894377159,0.5778314596536189,0.5946932342617213,0.008132705579298127,0.0874041074870127,0.07921869873734909,0.0124536288371323,0.08052284380415606,0.07224533403987891,0.015220445101731475,0.08338472810716378,0.07341962028895194
0.0881040096282959,0.23200058937072754,0.941490650177002,1717.518310546875,1170.0328369140625,1072.93994140625,626.555908203125,408.81689453125,438.59197998046875,0.8367867489381537,0.5704374946903039,0.6174455722185556,0.013613795555191875,0.09528918374943555,0.10188136260731617,0.018246010956996878,0.08209359097578921,0.08707992704229603,0.0253562451722403,0.08722672700052404,0.08834976845297485
0.11050772666931152,0.21510910987854004,0.9322926998138428,1701.0654296875,1160.0264892578125,1064.8575439453125,683.6561279296875,461.46875,492.0761413574219,0.8379764025803789,0.6002411593380109,0.6265689812619984,0.012857685489129411,0.1102269870334596,0.09848778399329564,0.01780493120383546,0.09958711292664219,0.08682580212533395,0.02027515607880683,0.10476619315509554,0.08686406251720158
0.09100008010864258,0.22001290321350098,0.9938106536865234,1714.9063720703125,1212.28369140625,1070.2196044921875,641.1505126953125,439.8619689941406,504.22137451171875,0.8332509209798606,0.6054227751916721,0.6461194805392664,0.012285319011895446,0.11375683169748878,0.09000962085131425,0.01879049091225994,0.10118384708692069,0.08078460478024084,0.02708840528567737,0.11184946758490298,0.08242663022760861
0.10111832618713379,0.24500107765197754,0.9223387241363525,1730.6448974609375,1141.2620849609375,1010.4916381835938,646.8339233398438,447.8239440917969,451.3308410644531,0.8441556759295784,0.6161010099962273,0.6173200736098065,0.015445277215064888,0.10318711997528845,0.08495745331605638,0.021138167143258925,0.09451073259404376,0.07806262549159776,0.027219664840787014,0.09904450061179228,0.07371448514870768
0.08350419998168945,0.2421114444732666,1.0301694869995117,1707.448486328125,1138.4224853515625,1030.5164794921875,624.4371948242188,426.3067932128906,464.44415283203125,0.8298585830340199,0.5722398250559079,0.5948826514460024,0.012660524460913258,0.08465207599413149,0.10890229282352823,0.017245172234986502,0.07729459784542488,0.09842327432086054,0.019954528251100355,0.08489088111907986,0.0988686489320946
0.1235969066619873,0.25301218032836914,0.9312992095947266,1741.85400390625,1146.18115234375,1032.86767578125,670.7543334960938,444.0809020996094,477.3243103027344,0.831730419476045,0.5942019182130808,0.6213486561179153,0.01753540064474124,0.09026345621021861,0.08467549248426662,0.025443167389329117,0.0804036880390146,0.07974198648889942,0.027343601604404567,0.08119822564560777,0.08086850728135486
0.10599970817565918,0.2151486873626709,0.9343481063842773,1694.4765625,1154.033203125,1014.3882446289062,655.51416015625,462.7588195800781,509.5091857910156,0.8311122142995742,0.5854442050216513,0.6395893000477103,0.011230972675125628,0.12888382155129857,0.07362791016638268,0.013774051685183485,0.11503753816610378,0.0639056181211019,0.02508440584823329,0.12857303828782693,0.06441593465924773
0.11999988555908203,0.30063295364379883,1.043004035949707,1753.6915283203125,1136.646728515625,1036.77978515625,617.52685546875,394.1280517578125,427.16339111328125,0.8357167541049679,0.5666305741884997,0.5971746922947986,0.01776141199126635,0.10074799288068642,0.08197314568971717,0.023030102484097183,0.0853954369919535,0.07203548773601556,0.02485085279942535,0.10160911070816486,0.07212089363040614
0.11701750755310059,0.21649980545043945,0.9966220855712891,1767.501220703125,1188.1123046875,1054.5845947265625,625.2713623046875,430.5244140625,447.1710205078125,0.84431020100261,0.6094877190507927,0.6330970815544057,0.019280047632648456,0.09021443481983006,0.1033016827427497,0.019375694767062884,0.08812302978163378,0.0949275624695831,0.021772250336698384,0.0983849003861907,0.09521017177058144
0.08812475204467773,0.21300292015075684,0.9613783359527588,1708.3486328125,1182.790771484375,1043.857177734375,637.4892578125,422.1675720214844,463.5096740722656,0.8337729888527602,0.5761015484046503,0.6242712436879084,0.011810479764312598,0.09529299026087519,0.1010065911328966,0.014974047730839333,0.08695414414915682,0.09347621716824574,0.02313901912979499,0.09652937872300889,0.10249501813849396
0.1170041561126709,0.22510528564453125,0.9744248390197754,1742.7554931640625,1189.4447021484375,1072.416259765625,656.9539794921875,455.9967041015625,484.0958557128906,0.8459241697265095,0.6021185626956117,0.6207543158385946,0.016810222880492498,0.0954149766168303,0.10641522682573738,0.01912132950909582,0.08442300770931764,0.09540908681730108,0.020891706605791226,0.0884955809082493,0.09652553828364956
0.1184999942779541,0.2231125831604004,0.9201498031616211,1751.7015380859375,1214.9178466796875,1097.613037109375,634.6271362304688,430.1692199707031,443.4879150390625,0.8331574968213854,0.5736384731641112,0.587970742753839,0.01751346123473585,0.09815117953799711,0.07360024114579573,0.021732045551185568,0.08878688521337107,0.07070671089632917,0.023957539891377277,0.089436684083847,0.07202020203741294
0.09199976921081543,0.2091078758239746,0.9399733543395996,1754.5341796875,1200.95703125,1105.338134765625,651.4156494140625,428.4502258300781,463.0771484375,0.8398538375983652,0.576555842891752,0.6164438986386626,0.018026055375657046,0.10859273561754644,0.08755638795104739,0.024365147879650217,0.09769904882050422,0.07881623018494753,0.030480451755789496,0.10271666750077614,0.083521444111909
0.09449958801269531,0.22312164306640625,0.935117244720459,1739.412353515625,1185.4661865234375,1073.9998779296875,653.9044799804688,440.297607421875,453.8450012207031,0.8321901678068883,0.5701162730780707,0.579314415146145,0.0163212908322663,0.0927146017250286,0.09008794016902774,0.019680888681010162,0.08529410061827737,0.08359969638945275,0.02415993427917708,0.08806009322004288,0.08266303215346844
0.11901187896728516,0.2136077880859375,1.132415533065796,1658.899658203125,1094.28271484375,976.1591186523438,640.7332763671875,416.9673156738281,450.24127197265625,0.8289059702250545,0.5624957865858397,0.5778009158770484,0.008137330284330224,0.09266101447626655,0.10650687215657942,0.01354743476012235,0.08102338962654525,0.09737549511432265,0.01530978222223642,0.0858421392507009,0.09646167894314789
0.09650254249572754,0.23149752616882324,0.9538478851318359,1713.9903564453125,1153.935546875,1028.954345703125,644.397705078125,470.68133544921875,526.8841552734375,0.8250508190640575,0.607533929138698,0.6200206878528345,0.01312581354431247,0.07154281993763756,0.08478188370175649,0.018548118634642615,0.06433102277550387,0.07696587913546682,0.021968569178766204,0.07024339051987426,0.07949507150351591
0.09600162506103516,0.2201237678527832,0.9845101833343506,1730.6531982421875,1169.3619384765625,1035.01025390625,663.3875122070312,464.7718200683594,480.88604736328125,0.8309390812939896,0.5937822024688779,0.620888985838558,0.015568484526074454,0.07639861134522918,0.08756372907795182,0.01848733613454211,0.06855023625756597,0.08378505587499584,0.025478210929418217,0.08164935267781456,0.08441737203110594
0.08163952827453613,0.2440040111541748,0.970144510269165,1727.865478515625,1197.7513427734375,1064.937744140625,654.349365234375,461.9936828613281,500.88275146484375,0.8346654644040306,0.5870422942507421,0.6340895884600729,0.01555261223711657,0.06280561147145022,0.12639496188297641,0.016871162290654305,0.055716264629205814,0.11579517867380452,0.027314199904506654,0.06425716761397625,0.11669748818581048
0.09512019157409668,0.2350013256072998,0.9610278606414795,1756.0472412109375,1221.96337890625,1128.64208984375,617.73046875,416.212158203125,442.8078918457031,0.8411241244340906,0.585948553496268,0.6067844811972303,0.016643381921881195,0.09791011413178234,0.10634472968946954,0.01794370778470057,0.08579251533685442,0.0947041494944527,0.020285070373534893,0.09685161532307121,0.09610287153099467
0.14200425148010254,0.2071082592010498,0.9880335330963135,1712.9449462890625,1140.2626953125,1024.4520263671875,657.0892333984375,442.6413269042969,470.0685119628906,0.8398659774398797,0.5843518696186768,0.6153654125461345,0.01334949798206253,0.10377630079845304,0.0984556949623759,0.017832647813807376,0.09274566934301313,0.08432159807409265,0.023707177947193823,0.09503055459126875,0.08706732015414784
0.08759045600891113,0.23399734497070312,0.9925050735473633,1704.3365478515625,1156.96435546875,1038.08740234375,648.4174194335938,442.92718505859375,470.4366455078125,0.8299977340185477,0.5939313370814947,0.6299384319315227,0.012192996757416863,0.09555624008987264,0.07923550718918401,0.015033273937300008,0.08716670230557905,0.07058571540421771,0.017770103504222222,0.1001091827115552,0.07236121600594729
0.11699986457824707,0.20661258697509766,0.9259810447692871,1690.6116943359375,1134.846923828125,1013.7727661132812,676.8737182617188,458.40081787109375,506.27642822265625,0.8255968324040277,0.5891600237155123,0.6259087558236689,0.010740248370906758,0.10853159063089393,0.08468707322119075,0.02083730784254246,0.10345532955158084,0.07412384441518836,0.02495403172935039,0.11240649718426743,0.08617516121012792
0.09249997138977051,0.1916208267211914,0.9562387466430664,1782.40576171875,1220.9442138671875,1086.2823486328125,655.0665893554688,442.80889892578125,468.51007080078125,0.8472103734315959,0.6048151292471242,0.6202027366206081,0.019268259901764395,0.10599211652183536,0.0926741930927931,0.020105041192861165,0.0956903479934035,0.0818293683199756,0.022242038260957036,0.1016120558487588,0.08060412930902548
0.11350584030151367,0.26961827278137207,0.909904956817627,1704.0933837890625,1156.2945556640625,1036.702392578125,640.2832641601562,445.27532958984375,476.3343505859375,0.8370411789929065,0.5953261587204615,0.6254449722500449,0.011309588187206288,0.09529148705743845,0.12065416051131353,0.019154027546652696,0.08526554233440611,0.10859553680298294,0.02519496810145454,0.09319545862293756,0.11045197678067649
0.1126101016998291,0.22400426864624023,0.9630920886993408,1710.1636962890625,1135.857421875,1033.4261474609375,689.6724243164062,475.2748107910156,497.447509765625,0.8305583952712856,0.6168627667425224,0.6526816696219733,0.012251236478905136,0.07960190724831845,0.0791744326424586,0.019933132203508595,0.07475108849693257,0.07440286248993026,0.028766374861536055,0.07682139647898661,0.0763893757102382
0.09150052070617676,0.21259450912475586,0.888744592666626,1735.069580078125,1150.8956298828125,1016.5217895507812,646.6817626953125,409.3902282714844,431.6300048828125,0.8359663019982448,0.5540084220720808,0.5808283689044715,0.01626920547715316,0.09269741930226959,0.07081489621191528,0.022689763651528777,0.07774283720838249,0.06357342762772641,0.028959638745566826,0.08063547897850282,0.06730369768219593
0.10149979591369629,0.24011754989624023,0.9552743434906006,1751.365234375,1172.5184326171875,1060.6868896484375,646.272705078125,439.35040283203125,463.73095703125,0.837945070443866,0.5881956528572987,0.603055875471292,0.0177599384790037,0.11676854152533703,0.08201726009967106,0.02252551256162082,0.09334771131058768,0.07266140609182509,0.025667634691076247,0.09755194403424373,0.07541738662593386
0.11862349510192871,0.23399996757507324,0.9237191677093506,1743.172607421875,1211.2977294921875,1109.370849609375,659.509521484375,438.62725830078125,453.8641052246094,0.8362606451836029,0.5610928105951105,0.5745713547994625,0.01651650486600431,0.10895105345975606,0.07641236607434505,0.023224462642543926,0.09713799236714206,0.07167808252152248,0.024528378630305322,0.10084984322206542,0.07111840613901227
0.11713767051696777,0.27400970458984375,1.0042626857757568,1757.270263671875,1204.491943359375,1060.5682373046875,627.5462036132812,441.9564514160156,450.8063049316406,0.8337390042630208,0.6019079198193733,0.6131012318934979,0.017528514744214796,0.07361463894490887,0.10858676594493072,0.02220904257036483,0.06860484718915176,0.0992134286462149,0.02347446246134576,0.07481998950585551,0.09687653828768522
0.13049983978271484,0.22051501274108887,0.8652749061584473,1744.423828125,1175.2159423828125,1043.9908447265625,661.4849243164062,444.96368408203125,458.67083740234375,0.843506366942666,0.570659327139391,0.588165252532869,0.01676859479017545,0.07915741428217475,0.12391908099660133,0.019477443231426802,0.07041533737431677,0.11631883165091236,0.02676086980150549,0.07703642825641312,0.11418142854792779
0.10650014877319336,0.21787691116333008,0.9930181503295898,1735.55078125,1169.535888671875,1037.625244140625,651.6515502929688,456.85369873046875,476.9610900878906,0.8349046778978412,0.5912360155171613,0.609271703864535,0.015572616105894497,0.09000766163958408,0.09310432842102301,0.01957339982991101,0.07954795233911884,0.08729021429581861,0.02139174385803176,0.0837444405913521,0.09131724010897647
0.1171715259552002,0.2188553810119629,0.9999182224273682,1674.1331787109375,1148.209716796875,1038.3282470703125,651.5230712890625,461.02691650390625,474.3075866699219,0.8330502049045517,0.5835943278579568,0.5998666177222751,0.00865212707562707,0.09790150715536938,0.08191048717615325,0.012283248074231569,0.09068297073670595,0.07634751468410168,0.019980630703830656,0.09022166153905545,0.07734605165924875
0.09359884262084961,0.26184678077697754,0.9832882881164551,1740.571533203125,1164.6781005859375,1031.0074462890625,616.2745361328125,395.7188415527344,416.00811767578125,0.8305674834877941,0.5520516702753316,0.5878432041403223,0.015619280340274653,0.07928982588161805,0.09834937689913041,0.01943337576913371,0.07014666215053057,0.08296252052126428,0.02465737285672332,0.07516715089468701,0.08598559210682848
0.09300374984741211,0.190598726272583,0.8901469707489014,1688.4853515625,1123.2806396484375,1007.67724609375,614.116455078125,413.4651184082031,416.3368835449219,0.8258504686470917,0.5702190021598994,0.5772530535539298,0.012917709888032647,0.0877608026034564,0.08507428935783692,0.015385371978335494,0.07907109245739086,0.07938714726842029,0.0196680714972826,0.07673663089330746,0.08052595771394669
0.10650968551635742,0.19713211059570312,0.9495902061462402,1682.88525390625,1173.991455078125,1049.5498046875,652.0513305664062,440.1640930175781,455.7258605957031,0.833389061608342,0.5695775744545731,0.5859813288691548,0.010353252291863735,0.09820883178755938,0.08750249553499723,0.013369720380101348,0.08655408275971846,0.07640771123446072,0.018516454407929196,0.0943939284233779,0.07734535896964374
0.09849953651428223,0.24366402626037598,1.0327675342559814,1738.2918701171875,1190.605712890625,1066.436767578125,680.27587890625,479.91180419921875,531.4660034179688,0.8432300737933474,0.630934273454716,0.6581197207905823,0.01489440077718168,0.1294026003412556,0.10421344669213863,0.023350268043553783,0.11448864895092749,0.09145942086348002,0.03075305732677227,0.11867626802832473,0.08974888692081136
0.08712530136108398,0.29959583282470703,0.9200084209442139,1698.11865234375,1144.15673828125,1012.1661987304688,631.7335815429688,440.3728332519531,458.47650146484375,0.8232390913325877,0.5673042926334707,0.5750597181975918,0.012304454009122223,0.08477129112813185,0.09016693694161709,0.015015237863079954,0.06998228273119639,0.08801154535601102,0.015912363335784215,0.06397599532557813,0.09350121921012505
0.12210559844970703,0.24850225448608398,0.9790899753570557,1697.976806640625,1133.0601806640625,1044.3822021484375,654.628662109375,468.6466064453125,493.0799255371094,0.8336266821417819,0.6189756030924072,0.6382828539915648,0.01152127592114116,0.11170048671968094,0.0708787915174335,0.01773700800103589,0.09868774087959235,0.06443687148652621,0.01908149811789905,0.10029675495172474,0.06368906724763003
0.10861730575561523,0.2385103702545166,0.9839780330657959,1685.190673828125,1150.3182373046875,1048.329833984375,705.0779418945312,496.39520263671875,535.3782958984375,0.8359705353052005,0.6024187418394463,0.6247410459358604,0.010265979134305658,0.10866363719507634,0.09020969653010671,0.014718270391418795,0.09245264038081875,0.07782609183223603,0.020735073153643892,0.09665173236887692,0.07819550996417092
0.10013246536254883,0.25244593620300293,0.9157571792602539,1705.051025390625,1187.8583984375,1087.1927490234375,631.8929443359375,426.3030090332031,459.0191650390625,0.8275852474452863,0.5800092729490438,0.5910233315388603,0.01055432363880815,0.11627406951907891,0.06325457342135801,0.014033890653008368,0.10420970775127368,0.060497748874762065,0.01620411193047188,0.10240764403660674,0.0609623490264872
0.12399959564208984,0.24410605430603027,0.9766371250152588,1754.5487060546875,1181.11181640625,1035.619384765625,620.3286743164062,401.62689208984375,412.34521484375,0.8368088027291859,0.565360701100485,0.5773682720252046,0.018504015888673786,0.09594222858876732,0.08190032668079428,0.023077238553743294,0.08558870263564945,0.07299351130159126,0.030308141549076274,0.08766829924500252,0.07572014849647199
0.09261465072631836,0.2691226005554199,0.9509377479553223,1716.746826171875,1153.6138916015625,1044.6029052734375,676.7100830078125,475.67742919921875,501.64019775390625,0.8263739259746218,0.6104028941751667,0.6395298752313378,0.014348595180974977,0.07640370640278447,0.09038343349632981,0.021436649886662155,0.06857783339829727,0.08638561413769447,0.026112194338312678,0.07297933349522684,0.09425790156004328
0.07850027084350586,0.24860620498657227,0.9515402317047119,1703.423583984375,1174.1339111328125,1029.6976318359375,647.1249389648438,454.1307373046875,487.2825927734375,0.8287302482993322,0.5773312209526968,0.6147130534021242,0.012443619324171928,0.08746805237431143,0.0846266219242002,0.013240413890842257,0.07900619356231321,0.07921487860761992,0.01947972070120761,0.08821582509881236,0.08255039398819373
0.12937450408935547,0.23958992958068848,0.9916000366210938,1736.5018310546875,1229.8372802734375,1105.4967041015625,653.4537963867188,469.0826721191406,490.41326904296875,0.8351937915448242,0.6088146551108651,0.6131769349719457,0.01627695727126266,0.11467443806543991,0.07639567446692122,0.01753168580870927,0.10781698434006746,0.07167924278103188,0.021512453269524816,0.11227497328163077,0.07211009421655787
0.09900641441345215,0.21249985694885254,0.9786322116851807,1667.0498046875,1109.5877685546875,989.081787109375,645.9295043945312,450.3274841308594,486.3809814453125,0.8207578348217569,0.590590860428465,0.6233259446628874,0.009696489574797573,0.08190026704988301,0.08210943761095059,0.014560936552353002,0.07899321127776396,0.07505729726878932,0.024578503432785656,0.07943280887712502,0.07929592953795156
0.09162497520446777,0.23099994659423828,1.0387992858886719,1711.556640625,1140.393798828125,1010.9387817382812,649.1729736328125,449.359619140625,476.64276123046875,0.8461368853190474,0.6132005017522167,0.6413846074783063,0.013351159455511628,0.12271095822951424,0.11510034345616141,0.018011540211693332,0.1025599403142761,0.10492456478665702,0.025340169782258094,0.10527369418136277,0.10557500073092975
0.11061859130859375,0.22780346870422363,1.196359634399414,1713.0087890625,1133.6844482421875,1035.7098388671875,662.492431640625,435.2401428222656,479.5234375,0.8287670457533661,0.5543807238955135,0.5883769558177461,0.012228133536354768,0.09797891481608903,0.08190953202526063,0.01891802960524003,0.08399007599473726,0.07144463987134027,0.018453082107268887,0.09137510195299942,0.07662434827832207
0.08999776840209961,0.20963597297668457,1.0251431465148926,1725.9637451171875,1178.9532470703125,1059.3526611328125,655.376953125,492.7475280761719,531.5435180664062,0.8458297569804714,0.6680099365223773,0.6983302121334266,0.01416013532551852,0.10101379807824515,0.11428639284004945,0.017096767868531853,0.08957683662646715,0.10824724859299859,0.021737362478126902,0.09467368288753565,0.11011550047748124
0.08951115608215332,0.2335042953491211,0.976179838180542,1754.9412841796875,1209.8358154296875,1091.851806640625,654.137451171875,455.3209228515625,477.0130310058594,0.8354522437148215,0.5870965753969299,0.5960937868666091,0.01774804935294938,0.09800637866261072,0.06795771719059046,0.020261584648162495,0.08743108474479225,0.06427362622429886,0.023054013304816313,0.09034836644133439,0.06586843125912653
0.10251331329345703,0.2071382999420166,0.9481470584869385,1800.65478515625,1196.9979248046875,1090.2073974609375,649.6442260742188,431.2559814453125,450.6651916503906,0.8440557914174499,0.5936780819442937,0.6102268803078996,0.021593813910158133,0.11368715467475027,0.07928314632650642,0.02668068680716981,0.10557439223403094,0.07197817815148667,0.032007826270326396,0.10660672098749305,0.07385792372124562
0.08501267433166504,0.20112204551696777,1.0364758968353271,1726.2825927734375,1175.4091796875,1084.444580078125,623.83935546875,397.1795654296875,427.6451110839844,0.8332067396581417,0.5324757194837396,0.5587832937798384,0.01349600993033584,0.0873452296561471,0.09287299668979258,0.014934531798755769,0.07398986169193485,0.0894827760919172,0.015087824029720415,0.082099343779424,0.09335351371627885
0.0860891342163086,0.1940021514892578,0.9956605434417725,1689.3223876953125,1120.974609375,1011.2053833007812,634.8612060546875,437.28125,467.74395751953125,0.8325528765742242,0.5823355524506102,0.6113970970688295,0.011162333456021578,0.09539575478075395,0.09270461514723363,0.01553014047274413,0.08188061824581043,0.08144410237683551,0.01867180889258065,0.09030762079205305,0.08569102493606402
0.10800337791442871,0.2641136646270752,0.9751152992248535,1692.2650146484375,1153.2926025390625,1056.4515380859375,677.7740478515625,472.4539794921875,492.7750244140625,0.8347265182493305,0.6046164972175254,0.6327180946776633,0.010865858048150268,0.11871605454318589,0.07641679370971488,0.016911596347583456,0.11080277438050165,0.07138475501965158,0.02228331121651654,0.11200915952182432,0.074085525890794
0.08516287803649902,0.19850635528564453,0.9952864646911621,1721.8404541015625,1157.8419189453125,1041.1424560546875,626.768798828125,431.48638916015625,463.83282470703125,0.8335922457131834,0.596650520656566,0.613251966407362,0.01320216075945263,0.09790253492559316,0.09006306076156935,0.01517017847671419,0.09012570514274298,0.08092452714962786,0.023728255548475023,0.09653952196364225,0.08164910654364041
0.09000253677368164,0.1991138458251953,1.076218605041504,1752.092529296875,1176.1649169921875,1057.7642822265625,611.8339233398438,403.1878967285156,428.8030700683594,0.8332996935587427,0.5757810104234776,0.5755166543064456,0.01967578011297011,0.09984337524915904,0.07649201492730313,0.023340385521938897,0.08733195636789917,0.070494963675637,0.027299534740784247,0.08841104953288659,0.07421840635445914
0.08409237861633301,0.19887900352478027,0.9673843383789062,1674.4869384765625,1146.7523193359375,1027.2296142578125,606.44091796875,394.9667053222656,434.6759338378906,0.8278359174481323,0.5698134805400815,0.6219213708619652,0.010692428901744544,0.10867665604396415,0.0594389200735271,0.013466790003475495,0.09756469101968783,0.05636573042565928,0.019059411929570485,0.11164794569975726,0.05912828227713374
0.09439229965209961,0.21809959411621094,0.9345076084136963,1741.75439453125,1181.8785400390625,1077.341552734375,635.666259765625,469.85858154296875,499.691650390625,0.835609846880951,0.6280975379874459,0.652341062547914,0.014686164722700621,0.09796240294043955,0.08732635882564507,0.02009802622721055,0.09481510343973615,0.08252078546773518,0.02130912365878745,0.0987534436688096,0.0857192982100356
0.08300256729125977,0.19715285301208496,1.0939409732818604,1700.1473388671875,1159.07568359375,1048.6175537109375,648.364501953125,435.292724609375,465.25128173828125,0.8308142259766429,0.5718526042864376,0.5895727241606419,0.010891112089560728,0.08194121684639917,0.09537355336898613,0.013297332387490661,0.07347537692644107,0.0881216260281204,0.01819827839196913,0.07703757269122162,0.09216895418193603
0.10350966453552246,0.1985151767730713,1.0293114185333252,1649.6807861328125,1104.4525146484375,982.6695556640625,645.450927734375,435.180419921875,452.5256652832031,0.8312041590539355,0.5715411704400362,0.5819358192406443,0.008485068885960567,0.10313497658269374,0.09680079206853212,0.013205511598068764,0.09494270989144786,0.08886610023065583,0.013656775003867855,0.09445401358138089,0.09217213666301399
0.08210206031799316,0.20200610160827637,1.0371136665344238,1744.030029296875,1173.5352783203125,1063.02001953125,637.24560546875,430.1392822265625,448.26934814453125,0.8334219707188253,0.5561740888417305,0.5755877086876798,0.015612182043316878,0.09797139271403467,0.08736847598589835,0.019118448835726914,0.08715814084549622,0.07862055106016907,0.01890832010400861,0.08477677924443658,0.08091478658178225
0.11600041389465332,0.20462346076965332,0.9546706676483154,1716.9351806640625,1162.210693359375,1070.7921142578125,648.630615234375,427.01043701171875,467.51751708984375,0.8316911272841214,0.5800833756304915,0.6185078426344909,0.013197492130494703,0.11113825489053226,0.0763906482707599,0.018267975061108915,0.10706529265745632,0.06620176986304253,0.022513644697502833,0.11795024466593043,0.07000149926035308
0.10462069511413574,0.26751279830932617,1.0091338157653809,1681.065185546875,1090.143798828125,984.1766357421875,636.2640991210938,453.2121887207031,512.1729125976562,0.8372343371295685,0.6181431105914028,0.6637763188804429,0.011377859391252854,0.08191737669542656,0.0878525585440296,0.01712608924873937,0.08178076799789744,0.07796263460045012,0.021756219788474678,0.08811445288660336,0.08205556660997292
0.08249974250793457,0.2031238079071045,1.0231328010559082,1718.7530517578125,1170.38427734375,1055.9388427734375,635.7774047851562,421.5084228515625,451.15740966796875,0.8397638494954532,0.5732457555819301,0.6274747304679549,0.014133769724040457,0.09591563594798537,0.11476747088795117,0.015007940429352787,0.08498462338926695,0.1015222291663754,0.023882505590292907,0.0934262223854684,0.10547016636753069
0.0819997787475586,0.19058990478515625,1.075181484222412,1675.5771484375,1104.1849365234375,1009.232666015625,647.2642822265625,459.2805480957031,499.2235107421875,0.8310858501819737,0.618585689014687,0.6515563023810849,0.009630654089039459,0.09282049187887954,0.10362474492278743,0.019328836047805335,0.08235141963481815,0.09131781792552177,0.022993649701158695,0.09208111599111815,0.09036006182937781
0.08310365676879883,0.19501519203186035,0.9981534481048584,1740.0186767578125,1189.7431640625,1035.0181884765625,700.956787109375,510.71734619140625,529.7801513671875,0.8538560053908952,0.6701717571800082,0.6844481367465025,0.016331370549267143,0.1363435160387083,0.11151735897918333,0.018394937543174936,0.12463444635601001,0.10421146400380352,0.028202559131525775,0.12291441997572307,0.10065233518728713
0.08699965476989746,0.19945311546325684,1.0280051231384277,1736.8455810546875,1138.3037109375,1043.584228515625,620.941162109375,422.2692565917969,450.5208435058594,0.8292609789227157,0.5796741143908639,0.6050094481951988,0.013990241470995812,0.09018268213281158,0.0709514981591296,0.018179863212098482,0.08150803202441895,0.06381819775868224,0.02184201611841362,0.0857143870231962,0.0640813438127824
0.11052942276000977,0.2181246280670166,1.0031168460845947,1708.9337158203125,1109.124267578125,1012.37353515625,654.166015625,438.6121520996094,464.58087158203125,0.8349875748999807,0.5976408220290961,0.6316177559824184,0.014793040853406048,0.0928222470025318,0.09400529222251307,0.019607565892253234,0.08186429387527266,0.09135881578308208,0.022974302426129297,0.09107606211147759,0.09271483429401574
0.10664153099060059,0.2186565399169922,0.9160096645355225,1677.1414794921875,1109.142822265625,1011.3257446289062,608.10205078125,439.9458312988281,481.60089111328125,0.8278363040736554,0.619672887348159,0.6698947798611447,0.009083976705808405,0.09268346135560974,0.07917187766559264,0.015188367527945355,0.0809704501984307,0.07637989288154372,0.014486547171209908,0.08649361164689827,0.08016658236834324
0.08396148681640625,0.198106050491333,0.941148042678833,1730.0546875,1125.2677001953125,1012.51708984375,601.5152587890625,379.91973876953125,401.4208984375,0.823056352101398,0.5238908791867463,0.5428103228961993,0.015553541413741101,0.06819146233916384,0.05675237263567397,0.01683878031282254,0.06323118876824539,0.05488456032580934,0.017789211208245614,0.07525005693229513,0.05614330516332913
